<?xml version="1.0" encoding="utf-8" standalone="yes"?><rss version="2.0" xmlns:atom="http://www.w3.org/2005/Atom"><channel><title>Categories on 简单导航 - 简单但实用的导航</title><link>https://jiandan.ml/categories/</link><description>Recent content in Categories on 简单导航 - 简单但实用的导航</description><generator>Hugo -- gohugo.io</generator><language>zh-CN</language><atom:link href="https://jiandan.ml/categories/index.xml" rel="self" type="application/rss+xml"/></channel></rss>