{"frames": {

"bullet1.png":
{
	"frame": {"x":86,"y":0,"w":24,"h":26},
	"rotated": false,
	"trimmed": false,
	"spriteSourceSize": {"x":0,"y":0,"w":24,"h":26},
	"sourceSize": {"w":24,"h":26}
},
"bullet2.png":
{
	"frame": {"x":61,"y":0,"w":25,"h":29},
	"rotated": false,
	"trimmed": false,
	"spriteSourceSize": {"x":0,"y":0,"w":25,"h":29},
	"sourceSize": {"w":25,"h":29}
},
"bullet3.png":
{
	"frame": {"x":32,"y":35,"w":27,"h":31},
	"rotated": false,
	"trimmed": false,
	"spriteSourceSize": {"x":0,"y":0,"w":27,"h":31},
	"sourceSize": {"w":27,"h":31}
},
"bullet4.png":
{
	"frame": {"x":30,"y":82,"w":29,"h":33},
	"rotated": false,
	"trimmed": false,
	"spriteSourceSize": {"x":0,"y":0,"w":29,"h":33},
	"sourceSize": {"w":29,"h":33}
},
"bullet5.png":
{
	"frame": {"x":0,"y":82,"w":30,"h":34},
	"rotated": false,
	"trimmed": false,
	"spriteSourceSize": {"x":0,"y":0,"w":30,"h":34},
	"sourceSize": {"w":30,"h":34}
},
"bullet6.png":
{
	"frame": {"x":30,"y":0,"w":31,"h":35},
	"rotated": false,
	"trimmed": false,
	"spriteSourceSize": {"x":0,"y":0,"w":31,"h":35},
	"sourceSize": {"w":31,"h":35}
},
"bullet7.png":
{
	"frame": {"x":0,"y":44,"w":32,"h":38},
	"rotated": false,
	"trimmed": false,
	"spriteSourceSize": {"x":0,"y":0,"w":32,"h":38},
	"sourceSize": {"w":32,"h":38}
},
"bullet8.png":
{
	"frame": {"x":0,"y":0,"w":30,"h":44},
	"rotated": false,
	"trimmed": false,
	"spriteSourceSize": {"x":0,"y":0,"w":30,"h":44},
	"sourceSize": {"w":30,"h":44}
}
}, 
"meta": {
	"app": "http://www.texturepacker.com",
	"version": "1.0",
	"image": "bullet.png",
	"format": "RGBA8888",
	"size": {"w":110,"h":116}
}
}
