{
"res":{
	"stay0000": {"x":0,"y":0,"w":61,"h":93},
	"stay0001": {"x":61,"y":0,"w":61,"h":93},
	"stay0002": {"x":122,"y":0,"w":61,"h":93},
	"stay0003": {"x":183,"y":0,"w":61,"h":93},
	"stay0004": {"x":0,"y":93,"w":61,"h":93},
	"stay0005": {"x":61,"y":93,"w":61,"h":93},
	"stay0006": {"x":122,"y":93,"w":61,"h":93},
	"stay0007": {"x":183,"y":93,"w":61,"h":93},
	"stay0008": {"x":0,"y":186,"w":61,"h":93},
	"stay0009": {"x":61,"y":186,"w":61,"h":93},
	"stay0010": {"x":122,"y":186,"w":61,"h":93},
	"stay0011": {"x":183,"y":186,"w":61,"h":93},
	"stay0012": {"x":0,"y":279,"w":61,"h":93},
	"stay0013": {"x":61,"y":279,"w":61,"h":93},
	"stay0014": {"x":122,"y":279,"w":61,"h":93},
	"stay0015": {"x":183,"y":279,"w":61,"h":93}
},
"frames": {
	"stay": {
		"totalFrame": 16,
		"childrenFrame": [
			{"res":"stay0000","x":0,"y":0},
			{"res":"stay0001","x":0,"y":0},
			{"res":"stay0002","x":0,"y":0},
			{"res":"stay0003","x":0,"y":0},
			{"res":"stay0004","x":0,"y":0},
			{"res":"stay0005","x":0,"y":0},
			{"res":"stay0006","x":0,"y":0},
			{"res":"stay0007","x":0,"y":0},
			{"res":"stay0008","x":0,"y":0},
			{"res":"stay0009","x":0,"y":0},
			{"res":"stay0010","x":0,"y":0},
			{"res":"stay0011","x":0,"y":0},
			{"res":"stay0012","x":0,"y":0},
			{"res":"stay0013","x":0,"y":0},
			{"res":"stay0014","x":0,"y":0},
			{"res":"stay0015","x":0,"y":0}
		]
	}
}
}