{
"res":{
	"weizhu0000": {"x":0,"y":0,"w":64,"h":91},
	"weizhu0001": {"x":64,"y":0,"w":64,"h":91},
	"weizhu0002": {"x":128,"y":0,"w":64,"h":91},
	"weizhu0003": {"x":192,"y":0,"w":64,"h":91},
	"weizhu0004": {"x":0,"y":91,"w":64,"h":91},
	"weizhu0005": {"x":64,"y":91,"w":64,"h":91},
	"weizhu0006": {"x":128,"y":91,"w":64,"h":91},
	"weizhu0007": {"x":192,"y":91,"w":64,"h":91},
	"weizhu0008": {"x":0,"y":182,"w":64,"h":91},
	"weizhu0009": {"x":64,"y":182,"w":64,"h":91},
	"weizhu0010": {"x":128,"y":182,"w":64,"h":91},
	"weizhu0011": {"x":192,"y":182,"w":64,"h":91},
	"weizhu0012": {"x":0,"y":273,"w":64,"h":91},
	"weizhu0013": {"x":64,"y":273,"w":64,"h":91},
	"weizhu0014": {"x":128,"y":273,"w":64,"h":91}
},
"frames": {
	"weizhu": {
		"totalFrame": 15,
		"childrenFrame": [
			{"res":"weizhu0000","x":0,"y":0},
			{"res":"weizhu0001","x":0,"y":0},
			{"res":"weizhu0002","x":0,"y":0},
			{"res":"weizhu0003","x":0,"y":0},
			{"res":"weizhu0004","x":0,"y":0},
			{"res":"weizhu0005","x":0,"y":0},
			{"res":"weizhu0006","x":0,"y":0},
			{"res":"weizhu0007","x":0,"y":0},
			{"res":"weizhu0008","x":0,"y":0},
			{"res":"weizhu0009","x":0,"y":0},
			{"res":"weizhu0010","x":0,"y":0},
			{"res":"weizhu0011","x":0,"y":0},
			{"res":"weizhu0012","x":0,"y":0},
			{"res":"weizhu0013","x":0,"y":0},
			{"res":"weizhu0014","x":0,"y":0}
		]
	}
}
}